{"cameraMode":{"drawMode":0,"name":"Shaded","section":"Shading Mode"},"sceneLighting":true,"audioPlay":false,"sceneViewState":{"showFog":true,"showMaterialUpdate":false,"showSkybox":true,"showFlares":true,"showImageEffects":true,"showParticleSystems":true},"in2DMode":false,"pivot":{"x":26.113265991210939,"y":0.3689118027687073,"z":-0.6569099426269531},"rotation":{"x":0.19316889345645905,"y":-0.008830245584249497,"z":0.0017393097514286638,"w":0.9811297059059143},"size":6.411427021026611,"orthographic":true}