{"cameraMode":{"drawMode":0,"name":"Shaded","section":"Shading Mode"},"sceneLighting":false,"audioPlay":false,"sceneViewState":{"showFog":true,"showMaterialUpdate":false,"showSkybox":false,"showFlares":true,"showImageEffects":true,"showParticleSystems":true},"in2DMode":false,"pivot":{"x":7.7337188720703129,"y":0.37322717905044558,"z":-0.24671611189842225},"rotation":{"x":0.11868762969970703,"y":-0.38252732157707217,"z":0.049621086567640308,"w":0.9149472713470459},"size":0.4779861271381378,"orthographic":false}