{"cameraMode":{"drawMode":0,"name":"Shaded","section":"Shading Mode"},"sceneLighting":false,"audioPlay":false,"sceneViewState":{"showFog":true,"showMaterialUpdate":false,"showSkybox":false,"showFlares":true,"showImageEffects":true,"showParticleSystems":true},"in2DMode":false,"pivot":{"x":-4.683824062347412,"y":0.15653276443481446,"z":0.0036727190017700197},"rotation":{"x":0.11868762969970703,"y":-0.38252732157707217,"z":0.049621086567640308,"w":0.9149472713470459},"size":2.695204734802246,"orthographic":false}