{"cameraMode":{"drawMode":0,"name":"Shaded","section":"Shading Mode"},"sceneLighting":false,"audioPlay":false,"sceneViewState":{"showFog":true,"showMaterialUpdate":false,"showSkybox":false,"showFlares":true,"showImageEffects":true,"showParticleSystems":true},"in2DMode":false,"pivot":{"x":-9.276021003723145,"y":0.15647494792938233,"z":0.013627290725708008},"rotation":{"x":0.11868762969970703,"y":-0.38252732157707217,"z":0.049621086567640308,"w":0.9149472713470459},"size":2.2269186973571779,"orthographic":false}